Phase,Component,Type,Priority,Status,Description,Timeline,Dependencies,Success Criteria,Expert Involvement
Foundation,AI Expert Personas,Development,High,Completed,"Requirements Engineer, Project Planner, System Architect, SysML Advisor, Debate Orchestrator personas with specialized prompts and function calling schemas",Weeks 1-2,OpenAI API access,5 AI experts can analyze requirements independently,All Experts
Foundation,Function Calling Schemas,Development,High,Not Started,"Design structured outputs for each expert domain with validation rules and cross-expert communication protocols",Weeks 1-2,AI Expert Personas,Schema validation passes for all expert outputs,SysML Advisor + All Experts
Foundation,Debate Orchestrator Implementation,Development,High,Not Started,"Implement multi-agent conversation management with consensus detection and conflict resolution",Weeks 1-2,Function Calling Schemas,Basic debate mechanism produces reasoned discussions,Debate Orchestrator + SysML Advisor
Foundation,SysML v2 Compliance Framework,Development,High,Not Started,"Implement SysML v2 syntax validation and semantic consistency checks across all expert outputs",Weeks 1-2,SysML Advisor Persona,All models pass SysML v2 compliance validation,SysML Advisor
Foundation,Basic Testing Framework,Development,Medium,Not Started,"Unit tests for expert personas and integration tests for debate flows",Weeks 1-2,Debate Orchestrator,Quality metrics validate consensus outcomes,All Experts
Foundation,Expert Collaboration Protocol,Development,High,Not Started,"Define how experts communicate and challenge each other in structured debates",Week 1,AI Expert Personas,Clear expert communication standards,Debate Orchestrator + SysML Advisor
Foundation,Intake Structuring Agent,Development,High,Completed,"Enhanced intake agent that prepares artifacts for AI expert analysis and tracks metadata",Weeks 1-2,AI Expert Personas,Structured handoffs to expert analysis,Intake Agent
Knowledge Integration,Enrichment-Aware Experts,Development,High,Completed,"Connect AI experts to Wikidata/Perplexity for context-aware recommendations",Weeks 3-4,Foundation Complete,Experts provide enriched context in analysis,Requirements Engineer + System Architect
Knowledge Integration,Neo4j Dynamic Ingestion,Development,High,Not Started,"Relationship strength based on expert confidence with temporal evolution tracking",Weeks 3-4,Enrichment tooling,Graph shows meaningful relationship patterns,System Architect + SysML Advisor
Knowledge Integration,Cross-Project Learning,Development,Medium,Not Started,"Pattern recognition across projects with best practice recommendations from SysML Advisor",Weeks 3-4,Neo4j Dynamic Ingestion,Cross-project insights improve decision quality,SysML Advisor + All Experts
Knowledge Integration,Enhanced Validation,Development,Medium,Not Started,"Feasibility validation using enrichment data and SysML v2 compliance checking",Weeks 3-4,Enrichment-Aware Experts,Early detection of infeasible requirements,SysML Advisor + All Experts
Knowledge Integration,SysML Evolution Tracking,Development,Medium,Not Started,"Monitor SysML v2 specification updates and assess impact on current models",Weeks 3-4,SysML Advisor,Models stay current with SysML evolution,SysML Advisor
Advanced Workflows,End-to-End Automation,Development,High,Not Started,"Complete intake to human review automation with SysML v2 quality gates",Weeks 5-6,Knowledge Integration Complete,Full SDLC automation for standard requirements,All Experts
Advanced Workflows,Human Interface,Development,Medium,Not Started,"Expert debate visualization with consensus rationale and SysML model display",Weeks 5-6,End-to-End Automation,Human intervention only for strategic decisions,Debate Orchestrator
Advanced Workflows,Learning & Adaptation,Development,Medium,Not Started,"Expert performance metrics with debate quality improvement and SysML pattern learning",Weeks 5-6,Human Interface,System learns and improves from each project,SysML Advisor + All Experts
Advanced Workflows,Production Deployment,DevOps,High,Not Started,"CI/CD for expert updates with monitoring and security controls",Weeks 5-6,Learning & Adaptation,Quality metrics show improvement over time,System Architect
Advanced Workflows,SysML Model Libraries,Development,Medium,Not Started,"Standard SysML v2 model libraries and templates for common patterns",Weeks 5-6,SysML Advisor,Consistent modeling patterns across projects,SysML Advisor + System Architect
Pipeline Wiring,AI Expert Coordination,Development,High,Not Started,"Wire AI experts through debate engine to consensus with SysML validation gates",Ongoing,Foundation Components,Smooth data flow between all components,Debate Orchestrator + SysML Advisor
Pipeline Wiring,Knowledge Graph Connectivity,Development,High,Not Started,"Connect enrichment data to Neo4j with relationship dynamics driven by expert confidence",Ongoing,Knowledge Integration,Real-time graph updates from expert analysis,System Architect + Requirements Engineer
Pipeline Wiring,Human Review Workflow,Development,Medium,Not Started,"Integrate consensus outputs with human approval and override mechanisms",Ongoing,Advanced Workflows,Efficient human review process,Project Planner + Debate Orchestrator
Pipeline Wiring,SysML Export Pipeline,Development,Medium,Not Started,"Export consensus models to SysML v2 format with synchronized exports",Ongoing,SysML Advisor,Standards-compliant model exports,SysML Advisor + System Architect
Infrastructure,OpenAI Function Calling,Setup,High,In Progress,"Configure OpenAI API with function calling for all expert personas including SysML Advisor",Week 1,API Keys,Function calling works reliably for all experts,All Experts
Infrastructure,Neo4j Hosting,Setup,High,Not Started,"Production Neo4j instance with SysML-aware indexing and backup",Week 2,Infrastructure Planning,Neo4j handles expected data volumes,System Architect
Infrastructure,SysML v2 Tool Integration,Setup,Medium,Not Started,"Integrate SysML v2 validation tools and model checking capabilities",Week 3,SysML Advisor,Automated SysML v2 compliance checking,SysML Advisor
Infrastructure,CI/CD Pipeline,Setup,Medium,Not Started,"Automated testing and deployment for expert persona updates",Week 3,Code Repository,Reliable deployment process,System Architect
Infrastructure,Monitoring & Alerting,Setup,Low,Not Started,"System health monitoring with expert performance metrics tracking",Week 4,Production Deployment,Early detection of system issues,Project Planner
Architecture,Expert Communication Protocol,Design,High,Completed,"Define how experts share information and challenge each other with SysML governance",Week 1,SysML Advisor,Clear communication standards,All Experts
Architecture,Consensus Algorithm,Design,High,Not Started,"Algorithm for detecting when experts reach agreement with SysML compliance validation",Week 1,Expert Communication Protocol,Reliable consensus detection,Debate Orchestrator + SysML Advisor
Architecture,Quality Metrics,Design,Medium,Not Started,"Metrics for measuring expert performance and SysML model quality",Week 2,Consensus Algorithm,Quantitative quality assessment,SysML Advisor + All Experts
Architecture,Escalation Procedures,Design,Medium,Not Started,"Procedures for handling expert disagreements and SysML compliance failures",Week 2,Quality Metrics,Clear escalation pathways,Debate Orchestrator
Architecture,SysML Pattern Library,Design,Medium,Not Started,"Standard SysML v2 patterns and templates for common modeling scenarios",Week 2,SysML Advisor,Reusable modeling components,SysML Advisor + System Architect
Validation,Expert Persona Testing,Testing,High,Not Started,"Test each expert persona including SysML Advisor with various requirement scenarios",Week 2,AI Expert Personas,Each expert produces quality analysis,All Experts
Validation,Debate Integration Testing,Testing,High,Not Started,"Test multi-expert debates with SysML compliance checking and consensus building",Week 3,Debate Orchestrator,Debates reach reasonable consensus with SysML compliance,All Experts
Validation,SysML Compliance Testing,Testing,High,Not Started,"Test SysML v2 validation across all expert outputs and consensus models",Week 3,SysML Advisor,All models pass SysML v2 compliance checks,SysML Advisor
Validation,End-to-End Testing,Testing,High,Not Started,"Complete workflow testing from intake to human review with SysML export",Week 4,Pipeline Wiring,Full system functions reliably,All Experts
Validation,Performance Testing,Testing,Medium,Not Started,"Load testing with multiple concurrent expert sessions and SysML validation",Week 5,End-to-End Testing,System handles expected load,System Architect
Documentation,Expert Persona Specs,Documentation,Medium,Completed,"Detailed specifications for each expert persona behavior including SysML Advisor",Week 2,AI Expert Personas,Clear expert behavior documentation,All Experts
Documentation,SysML v2 Guidelines,Documentation,Medium,Not Started,"SysML v2 modeling guidelines and best practices for the expert system",Week 3,SysML Advisor,Clear SysML v2 standards,SysML Advisor
Documentation,API Documentation,Documentation,Medium,Not Started,"Complete API docs for expert functions and debate orchestration",Week 3,Pipeline Wiring,Developers can integrate easily,System Architect
Documentation,User Guides,Documentation,Low,Not Started,"End-user documentation for human review interface and SysML model viewing",Week 5,Human Interface,Users can operate system effectively,All Experts
Documentation,Operations Manual,Documentation,Low,Not Started,"System administration and troubleshooting procedures including SysML tool management",Week 6,Production Deployment,Reliable system operations,System Architect + Project Planner
Meta-Project,Initial AI Expert Debate,Experiment,High,Not Started,"Have the AI experts debate the best way to function together as their first collaborative task",Week 1,AI Expert Personas,Experts demonstrate collaborative problem-solving,All Experts + Debate Orchestrator
Meta-Project,Self-Improvement Protocol,Design,Medium,Not Started,"Design how the AI expert system can improve its own processes and SysML compliance",Week 4,Expert System Operational,System demonstrates self-optimization,All Experts
Meta-Project,Notion Integration Plan,Integration,Low,Backlog,"Complete Notion integration for project tracking and expert analysis export",Future,Notion API access,Seamless project management integration,Project Planner
Meta-Project,Knowledge Graph Visualization,Development,Low,Not Started,"Create visualization tools for the enriched knowledge graph and SysML models",Week 6,Neo4j Operational,Clear graph visualization and SysML model display,System Architect + SysML Advisor